{
    "AS_Form_a042cf7e52844dbfaac818f5d76ee6ed": {
        "id": "AS_Form_a042cf7e52844dbfaac818f5d76ee6ed",
        "type": "ACTION_SEQUENCE",
        "params": [{
            "datatype": "collection",
            "name": "eventobject"
        }],
        "contextObj": {
            "name": "Form1",
            "type": "forms",
            "platform": null,
            "KUID": "gd05c07522ef4817887ad7d3ef8ec6c2"
        },
        "language": "js",
        "actions": [{
            "id": "INVOKE_FUNCTION___fc5a17921fe240978dd2bbcb961e7448",
            "type": "INVOKE_FUNCTION",
            "sequenceKUID": "onPreShow",
            "display": "onPreShow",
            "inputparams": [],
            "parentId": null,
            "callbackType": null,
            "disabled": null,
            "source": "controller"
        }]
    }
}