{
    "AS_FlexContainer_j6395616612e425087ee30d2bac03bb4": {
        "id": "AS_FlexContainer_j6395616612e425087ee30d2bac03bb4",
        "type": "ACTION_SEQUENCE",
        "params": [{
            "datatype": "collection",
            "name": "eventobject"
        }, {
            "datatype": "string",
            "name": "x"
        }, {
            "datatype": "string",
            "name": "y"
        }],
        "contextObj": {
            "name": "Form1",
            "type": "forms",
            "platform": null,
            "KUID": "gd05c07522ef4817887ad7d3ef8ec6c2"
        },
        "language": "js",
        "actions": [{
            "id": "ADD_SNIPPET__c6f1c79574bf40c7a36215e13c7a6147",
            "type": "ADD_SNIPPET",
            "codeSnippet": "this.onBtnClick();",
            "parentId": null,
            "callbackType": null
        }]
    }
}