{
    "android": {
        "font_name": "default",
        "font_size": 136,
        "isForked": false
    },
    "background_color": "ffffffff",
    "bg_type": "one",
    "border_color": "4b88f1ff",
    "border_style": "plain",
    "border_type": 0,
    "border_width": 1,
    "desktopweb": {
        "font_size": 136,
        "isForked": false
    },
    "fontSizeInPx": false,
    "font_color": "454648ff",
    "font_name": "Helvetica",
    "font_size": 136,
    "ipad": {
        "font_name": "System",
        "font_size": 136,
        "isForked": false
    },
    "iphone": {
        "font_name": "System",
        "font_size": 136,
        "isForked": false
    },
    "isDefaultSkin": false,
    "kiosk": {
        "font_size": 136,
        "isForked": false
    },
    "kuid": "sbcfe3983a55420bb2b0577f6c4c3219",
    "spaan": {
        "font_name": "Helvetica",
        "font_size": 136,
        "isForked": false
    },
    "spaandroidtablet": {
        "font_name": "Helvetica",
        "font_size": 136,
        "isForked": false
    },
    "spabb": {
        "font_size": 136,
        "isForked": false
    },
    "spaip": {
        "font_name": "Helvetica",
        "font_size": 136,
        "isForked": false
    },
    "spaipad": {
        "font_name": "Helvetica",
        "font_size": 136,
        "isForked": false
    },
    "spawindowstablet": {
        "font_size": 136,
        "isForked": false
    },
    "spawinphone8": {
        "font_size": 136,
        "isForked": false
    },
    "tabrcandroid": {
        "font_name": "default",
        "font_size": 136,
        "isForked": false
    },
    "wType": "TextField",
    "watchos": {
        "font_size": 136,
        "isForked": false
    },
    "windows8": {
        "font_size": 136,
        "isForked": false
    },
    "winphone8": {
        "font_size": 136,
        "isForked": false
    }
}