{
    "android": {
        "font_name": "default",
        "font_size": 107,
        "isForked": false
    },
    "background_color": "ffffffff",
    "bg_type": "one",
    "border_color": "8294a5ff",
    "border_style": "plain",
    "border_type": 0,
    "border_width": 1,
    "desktopweb": {
        "font_size": 107,
        "isForked": false
    },
    "fontSizeInPx": false,
    "font_color": "8294a5ff",
    "font_name": "Helvetica",
    "font_size": 107,
    "ipad": {
        "font_name": "System",
        "font_size": 107,
        "isForked": false
    },
    "iphone": {
        "font_name": "System",
        "font_size": 107,
        "isForked": false
    },
    "isDefaultSkin": false,
    "kiosk": {
        "font_size": 107,
        "isForked": false
    },
    "kuid": "s99a801cd8fc44e894753a6789a4b105",
    "spaan": {
        "font_size": 107,
        "isForked": false
    },
    "spaandroidtablet": {
        "font_size": 107,
        "isForked": false
    },
    "spabb": {
        "font_size": 107,
        "isForked": false
    },
    "spaip": {
        "font_size": 107,
        "isForked": false
    },
    "spaipad": {
        "font_size": 107,
        "isForked": false
    },
    "spawindowstablet": {
        "font_size": 107,
        "isForked": false
    },
    "spawinphone8": {
        "font_size": 107,
        "isForked": false
    },
    "tabrcandroid": {
        "font_name": "default",
        "font_size": 107,
        "isForked": false
    },
    "wType": "TextField",
    "watchos": {
        "font_size": 107,
        "isForked": false
    },
    "windows8": {
        "font_size": 107,
        "isForked": false
    },
    "winphone8": {
        "font_size": 107,
        "isForked": false
    }
}