{
    "android": {
        "font_color": "454648ff",
        "font_name": "default",
        "font_size": 136,
        "isForked": true
    },
    "background_color": "ffffffff",
    "bg_type": "one",
    "border_color": "454648ff",
    "border_style": "plain",
    "border_type": 0,
    "border_width": 1,
    "delinkedPltfrms": {
        "desktop": [],
        "mobile": [
            "iphone"
        ],
        "tablet": [],
        "watch": []
    },
    "desktopweb": {
        "bottom_left_border_color": "454648ff",
        "bottom_left_border_style": "plain",
        "bottom_left_border_width": 1,
        "bottom_right_border_color": "454648ff",
        "bottom_right_border_style": "plain",
        "bottom_right_border_width": 1,
        "font_color": "454648ff",
        "font_size": 136,
        "isForked": true,
        "top_left_border_color": "454648ff",
        "top_left_border_style": "plain",
        "top_left_border_width": 1,
        "top_right_border_color": "454648ff",
        "top_right_border_style": "plain",
        "top_right_border_width": 1
    },
    "fontSizeInPx": false,
    "font_color": "555555ff",
    "font_name": "Helvetica",
    "font_size": 126,
    "font_style": "normal",
    "font_weight": "normal",
    "ipad": {
        "font_color": "454648ff",
        "font_size": 136,
        "isForked": true
    },
    "iphone": {
        "border_color": "ff0000ff",
        "border_style": "plain",
        "border_type": 0,
        "font_color": "ff0000ff",
        "font_name": "System",
        "font_size": 136,
        "isForked": true
    },
    "isDefaultSkin": false,
    "kiosk": {
        "font_color": "454648ff",
        "font_size": 136,
        "isForked": true
    },
    "kuid": "s95603ebf5b24c17a0723efcb13a5fb2",
    "spaan": {
        "bottom_left_border_color": "454648ff",
        "bottom_left_border_style": "plain",
        "bottom_left_border_width": 1,
        "bottom_right_border_color": "454648ff",
        "bottom_right_border_style": "plain",
        "bottom_right_border_width": 1,
        "font_color": "454648ff",
        "font_size": 136,
        "isForked": true,
        "top_left_border_color": "454648ff",
        "top_left_border_style": "plain",
        "top_left_border_width": 1,
        "top_right_border_color": "454648ff",
        "top_right_border_style": "plain",
        "top_right_border_width": 1
    },
    "spaandroidtablet": {
        "bottom_left_border_color": "454648ff",
        "bottom_left_border_style": "plain",
        "bottom_left_border_width": 1,
        "bottom_right_border_color": "454648ff",
        "bottom_right_border_style": "plain",
        "bottom_right_border_width": 1,
        "font_color": "454648ff",
        "font_size": 136,
        "isForked": true,
        "top_left_border_color": "454648ff",
        "top_left_border_style": "plain",
        "top_left_border_width": 1,
        "top_right_border_color": "454648ff",
        "top_right_border_style": "plain",
        "top_right_border_width": 1
    },
    "spabb": {
        "bottom_left_border_color": "454648ff",
        "bottom_left_border_style": "plain",
        "bottom_left_border_width": 1,
        "bottom_right_border_color": "454648ff",
        "bottom_right_border_style": "plain",
        "bottom_right_border_width": 1,
        "font_color": "454648ff",
        "font_size": 136,
        "isForked": true,
        "top_left_border_color": "454648ff",
        "top_left_border_style": "plain",
        "top_left_border_width": 1,
        "top_right_border_color": "454648ff",
        "top_right_border_style": "plain",
        "top_right_border_width": 1
    },
    "spaip": {
        "bottom_left_border_color": "454648ff",
        "bottom_left_border_style": "plain",
        "bottom_left_border_width": 1,
        "bottom_right_border_color": "454648ff",
        "bottom_right_border_style": "plain",
        "bottom_right_border_width": 1,
        "font_color": "454648ff",
        "font_size": 136,
        "isForked": true,
        "top_left_border_color": "454648ff",
        "top_left_border_style": "plain",
        "top_left_border_width": 1,
        "top_right_border_color": "454648ff",
        "top_right_border_style": "plain",
        "top_right_border_width": 1
    },
    "spaipad": {
        "bottom_left_border_color": "454648ff",
        "bottom_left_border_style": "plain",
        "bottom_left_border_width": 1,
        "bottom_right_border_color": "454648ff",
        "bottom_right_border_style": "plain",
        "bottom_right_border_width": 1,
        "font_color": "454648ff",
        "font_size": 136,
        "isForked": true,
        "top_left_border_color": "454648ff",
        "top_left_border_style": "plain",
        "top_left_border_width": 1,
        "top_right_border_color": "454648ff",
        "top_right_border_style": "plain",
        "top_right_border_width": 1
    },
    "spawindowstablet": {
        "bottom_left_border_color": "454648ff",
        "bottom_left_border_style": "plain",
        "bottom_left_border_width": 1,
        "bottom_right_border_color": "454648ff",
        "bottom_right_border_style": "plain",
        "bottom_right_border_width": 1,
        "font_color": "454648ff",
        "font_size": 136,
        "isForked": true,
        "top_left_border_color": "454648ff",
        "top_left_border_style": "plain",
        "top_left_border_width": 1,
        "top_right_border_color": "454648ff",
        "top_right_border_style": "plain",
        "top_right_border_width": 1
    },
    "spawinphone8": {
        "bottom_left_border_color": "454648ff",
        "bottom_left_border_style": "plain",
        "bottom_left_border_width": 1,
        "bottom_right_border_color": "454648ff",
        "bottom_right_border_style": "plain",
        "bottom_right_border_width": 1,
        "font_color": "454648ff",
        "font_size": 136,
        "isForked": true,
        "top_left_border_color": "454648ff",
        "top_left_border_style": "plain",
        "top_left_border_width": 1,
        "top_right_border_color": "454648ff",
        "top_right_border_style": "plain",
        "top_right_border_width": 1
    },
    "tabrcandroid": {
        "font_color": "454648ff",
        "font_size": 136,
        "isForked": true
    },
    "wType": "TextField",
    "windows8": {
        "font_color": "454648ff",
        "font_size": 136,
        "isForked": true
    },
    "winphone8": {
        "font_color": "454648ff",
        "font_size": 136,
        "isForked": true
    }
}