{
    "@class": "com.kony.gen.viz.model.component.KVizUserWidget",
    "DNDConfig": null,
    "__parentReadjusting__": false,
    "__propsToRetainFromNewWidgetModel": {
        "bottom": "",
        "centerX": "",
        "centerY": "",
        "left": "0dp",
        "right": "",
        "top": "10dp"
    },
    "_children_": [],
    "_height_": {
        "type": "string",
        "value": "67dp"
    },
    "_left_": {
        "type": "string",
        "value": "0dp"
    },
    "_margin_": [
        0,
        0,
        0,
        0
    ],
    "_orientation_": 1,
    "_padding_": [
        0,
        0,
        0,
        0
    ],
    "_percent_": true,
    "_render_": true,
    "_skin_": "s569755124b64b5bbcd1fa49ceef74d6",
    "_top_": {
        "type": "string",
        "value": "10dp"
    },
    "_width_": {
        "type": "string",
        "value": "100%"
    },
    "areflexpropsreferenced": false,
    "autogrowmode": 0,
    "canUpdateUI": true,
    "clipbounds": true,
    "containerweight": 0,
    "dataDiffs": {
        "EmailBx": {
            "__events__": {},
            "__info__": {
                "isRoot": true,
                "kuid": "f23a6c5d573747a3975b6039db843ad6",
                "srcKUID": "hde86e7cf8bd4b6cb9efff1d2eee6ee9",
                "wType": "FlexContainer"
            }
        },
        "txtEmailS": {
            "__events__": {},
            "__info__": {
                "kuid": "bffd2ec275cb439fbd5fe6cd8a1531fe",
                "srcKUID": "j2caee8d9a044cfe946ae12d8e6e99a3",
                "wType": "TextField"
            }
        }
    },
    "id": "EmailBx",
    "info": null,
    "iscustomlayout": false,
    "isdatareferenced": false,
    "isvisible": true,
    "kuid": "f23a6c5d573747a3975b6039db843ad6",
    "layouttype": 2,
    "masterType": 0,
    "name": "kony.ui.UserWidgetInstance",
    "parent": "emailfield",
    "pf": "userwidgetmodel",
    "retaincontentalignment": false,
    "retainflexpositionproperties": false,
    "sourceUserWidget": "hde86e7cf8bd4b6cb9efff1d2eee6ee9",
    "wType": "UserWidgetInstance"
}