{
    "APPLICATION_THEME": "default",
    "appaddrkey": "",
    "appidkey": "TestApp",
    "appnamekey": "TestApp",
    "apppackagekey": "",
    "appversionkey": "1.0.0",
    "build": "debug",
    "category": "app",
    "createdVizVersion": "8.2.0",
    "createdgaversion": "8.2.0",
    "currentgaversion": "8.2.0",
    "enableCustomData": false,
    "enableResponsive": true,
    "isDpScaleFactor": true,
    "isMVC": true,
    "isNewAppWithRespectToAndroidPackageName": "",
    "konyVizVersion": "8.2.0",
    "mastersProperties": {
        "mastersVersion": "2.0.0"
    },
    "mwaddrkey": "",
    "mwhttpsportkey": "",
    "mwportkey": "",
    "project.type": "js",
    "project_version": "sprint31",
    "referenceWidth": "375",
    "startupformkey": "gd05c07522ef4817887ad7d3ef8ec6c2",
    "vendornamekey": "KonyLabs",
    "winmobileguidkey": "",
    "defaulttheme": "defaultTheme",
    "nativeContainerProperties": {
        "isModified": false,
        "isEnableJSContainer": false,
        "isEnableJSContainerAndroid": false,
        "isEnableJSContaineriOS": false
    },
    "appmenu": {
        "desktop": {
            "data": [
                {
                    "id": "appmenuitemid1",
                    "title": "Item 1",
                    "icon": {
                        "default": "option1.png"
                    },
                    "kuid": "ic2996ccfe084d1485e7301ac645e500"
                },
                {
                    "id": "appmenuitemid2",
                    "title": "Item 2",
                    "icon": {
                        "default": "option2.png"
                    },
                    "kuid": "e2d307d503814cb28a86d820d9c5b012"
                },
                {
                    "id": "appmenuitemid3",
                    "title": "Item 3",
                    "icon": {
                        "default": "option3.png"
                    },
                    "kuid": "fac9f0da6d684e19a5915d4f04fabe6f"
                },
                {
                    "id": "appmenuitemid4",
                    "title": "Item 4",
                    "icon": {
                        "default": "option4.png"
                    },
                    "kuid": "jd00552c45464dfc918d817591d7c726"
                }
            ]
        },
        "focusSkin": null,
        "focusskin": null,
        "mobile": {
            "data": [
                {
                    "id": "appmenuitemid1",
                    "title": "Item 1",
                    "icon": {
                        "default": "option1.png"
                    },
                    "kuid": "gee85ac58f134dc6b7c07829a0390661"
                },
                {
                    "id": "appmenuitemid2",
                    "title": "Item 2",
                    "icon": {
                        "default": "option2.png"
                    },
                    "kuid": "c64a66a3ae594ab0be8a30ff728a88a5"
                },
                {
                    "id": "appmenuitemid3",
                    "title": "Item 3",
                    "icon": {
                        "default": "option3.png"
                    },
                    "kuid": "f1a412ce26d24a96baa123647d5d5258"
                },
                {
                    "id": "appmenuitemid4",
                    "title": "Item 4",
                    "icon": {
                        "default": "option4.png"
                    },
                    "kuid": "a174a0e3a9e04162ba40cfaa15f8a828"
                }
            ]
        },
        "osPlatform": "",
        "osVersion": "iOS7",
        "skin": null,
        "tablet": {
            "data": [
                {
                    "id": "appmenuitemid1",
                    "title": "Item 1",
                    "icon": {
                        "default": "option1.png"
                    },
                    "kuid": "gdaa3e0cac4c4fa398da4eb13f58cd59",
                    "windows8": {
                        "position": "BOTTOM_LEFT",
                        "appBarButtonStyle": "No Style"
                    }
                },
                {
                    "id": "appmenuitemid2",
                    "title": "Item 2",
                    "icon": {
                        "default": "option2.png"
                    },
                    "kuid": "b47f5f749264415dbb2fea99687d5c0e",
                    "windows8": {
                        "position": "BOTTOM_LEFT",
                        "appBarButtonStyle": "No Style"
                    }
                },
                {
                    "id": "appmenuitemid3",
                    "title": "Item 3",
                    "icon": {
                        "default": "option3.png"
                    },
                    "kuid": "a38736fc8bd643e89aa22945b52d64a1",
                    "windows8": {
                        "position": "BOTTOM_LEFT",
                        "appBarButtonStyle": "No Style"
                    }
                },
                {
                    "id": "appmenuitemid4",
                    "title": "Item 4",
                    "icon": {
                        "default": "option4.png"
                    },
                    "kuid": "jb66aef48a9e4654b4408ad96d393103",
                    "windows8": {
                        "position": "BOTTOM_LEFT",
                        "appBarButtonStyle": "No Style"
                    }
                }
            ]
        },
        "wType": "Appmenu"
    },
    "export.type": "visualizer"
}